Workbook

Sheet IMPAYES 2020-2021-2022 (2)

Sheet IMPAYES 2020-2021-2022
B1: TOTAL IMPAYES
A2: AU 02/05/2025 | B2: 20242068
A3: AU 15/05/2025 | B3: 21495470
A4: AU 22/05/2025 | B4: 20300656
A5: AU 29/05/2025 | B5: 20730391
A6: AU 12/06/2025 | B6: 20741808
A7: AU 19/06/2025 | B7: 21232065
A8: AU 04/07/2025 | B8: 21572566
A9: AU 10/07/2025 | B9: 22159613
A10: AU 18/07/2025 | B10: 23082633
A11: AU 25/07/2025 | B11: 22597856
A12: AU 11/08/2025 | B12: 22835782
A13: AU 22/08/2025 | B13: 22074371
... A49: AU 31/07/2026 | B49: 26163575
B51: IMPAYES NABIL | C51: IMPAYES OMAR | D51: IMPAYES DIRECTION | E51: IMPAYES FAYCAL | H51: IMPAYES NAOUFAL | K51: IMPAYES FAHD | N51: IMPAYES GII | P51: IMPAYES LAHCEN | Q51: IMPAYES RACHID | R51: IMPAYES OUSSAMA
A52: AU 02/05/2025 | B52: 11167822 | C52: 2790514.8 | D52: 59708 | E52: 1093381.3 | H52: 579371.56 | K52: 830394.9 | N52: 2080615.7 | P52: 114695.33 | Q52: 1487817.5 | R52: 37746.58
A53: AU 15/05/2025 | B53: 12089610 | C53: 2902202.6 | D53: 59708 | E53: 1551831.3 | H53: 579371.59 | K53: 681793.15 | N53: 1981835.7 | P53: 19300 | Q53: 1617817.5 | R53: 12000
A54: AU 22/05/2025 | B54: 11006951 | C54: 2774642.6 | D54: 59708 | E54: 1584874.3 | H54: 607371.56 | K54: 795123.15 | N54: 1981835.7 | P54: 0 | Q54: 1490150 | R54: 0
A55: AU 29/05/2025 | B55: 10947364 | C55: 2825142.6 | D55: 59708 | E55: 1708526.3 | H55: 664371.56 | K55: 1071082.1 | N55: 2002546.6 | P55: 8500 | Q55: 1443150 | R55: 0
A56: AU 12/06/2025 | B56: 11351491 | C56: 2916922.9 | D56: 59708 | E56: 1068803.2 | H56: 664371.56 | K56: 1127959.2 | N56: 2015999.4 | P56: 63000 | Q56: 1473552.7 | R56: 0
A57: AU 19/06/2025 | B57: 11339356 | C57: 2956234.5 | D57: 59708 | E57: 1015233.7 | H57: 785838.4 | K57: 1367241.7 | N57: 2085999.4 | P57: 128900 | Q57: 1493552.7 | R57: 0
A58: AU 04/07/2025 | B58: 11660099 | C58: 2830647.2 | D58: 59708 | E58: 1005475.7 | H58: 1186871.4 | K58: 1079109.4 | N58: 2098412.4 | P58: 138780 | Q58: 1513462.7 | R58: 0
A59: AU 10/07/2025 | B59: 12098509 | C59: 2674766.4 | D59: 59708 | E59: 1222973.7 | H59: 1264449.5 | K59: 1032860.1 | N59: 2176530.4 | P59: 197753 | Q59: 1407062.7 | R59: 25000
A60: AU 18/07/25 | B60: 12550688 | C60: 2924819.2 | D60: 59708 | E60: 1134669.4 | H60: 1278449.5 | K60: 1165527.2 | N60: 2170520.4 | P60: 352988.52 | Q60: 1420262.7 | R60: 25000
A61: AU 25/07/2025 | B61: 12279855 | C61: 2611982.9 | D61: 59708 | E61: 1172073.2 | H61: 1249949.5 | K61: 1323987.8 | N61: 2036008.1 | P61: 437988.52 | Q61: 1401302.7 | R61: 25000
A62: AU 11/08/2025 | B62: 11964134 | C62: 2911848.4 | D62: 59708 | E62: 976554.8 | H62: 1589945.6 | K62: 1492163.1 | N62: 2043733.1 | P62: 520602.79 | Q62: 1254392.7 | R62: 22700
A63: AU 22/08/2025 | B63: 11617240 | C63: 2832606.4 | D63: 59708 | E63: 939150.95 | H63: 1350087.5 | K63: 1368715.3 | N63: 2059309.2 | P63: 520602.79 | Q63: 1304250.7 | R63: 22700
... A99: AU 31/07/2026 | B99: 11219652 | C99: 3524107.1 | D99: 59708 | E99: 1311978.9 | H99: 4261045.5 | K99: 2135391 | N99: 1972303.3 | P99: 158237.3 | Q99: 1508678.1 | R99: 12474

Sheet Feuil4

Sheet Feuil3

Sheet Feuil2

Sheet Total Impayés
D2: TOTAL DES IMPAYES AU 31/07/2026 | I2: IMPAYES AU 24/07/2026 | K2: VARIATION
B4: TOTAL DES IMPAYES NABIL | G4: =NABIL!H265 -> 11219652 | I4: =NABIL!H269 -> 11591970 | K4: =+($G4-I4)/I4 -> -0.032118616
B6: TOTAL IMPAYES OMAR | G6: =OMAR!H64 -> 3524107.1 | I6: =OMAR!H66 -> 3275457.5 | K6: =+(G6-I6)/I6 -> 0.075912938
B8: TOTAL IMPAYES DIRECTION | G8: =DIRECTION!H10 -> 59708 | I8: =DIRECTION!H13 -> 59708 | K8: =+(G8-I8)/I8 -> 0
B10: TOTAL IMPAYES FAYCAL | G10: =FAYCAL!H42 -> 1311978.9 | I10: =FAYCAL!H45 -> 1239906.9 | K10: =+(G10-I10)/I10 -> 0.058126946
B12: TOTAL IMPAYES NAOUFAL | G12: =NAOUFAL!I97 -> 4261045.5 | I12: =NAOUFAL!I100 -> 4245858.5 | K12: =+(G12-I12)/I12 -> 0.0035768973
B14: TOTAL IMPAYES FAHD | G14: =FAHD!I64 -> 2135391 | I14: =FAHD!I66 -> 2160076 | K14: =+(G14-I14)/I14 -> -0.011427839
B16: TOTAL IMPAYES GII | G16: =GII!H79 -> 1972303.3 | I16: =GII!H82 -> 2020799.1 | K16: =+(G16-I16)/I16 -> -0.023998304
B18: TOTAL IMPAYES LAHCEN | G18: =LAHCEN!I16 -> 158237.3 | I18: =LAHCEN!I19 -> 158237.3 | K18: =+(G18-I18)/I18 -> 0
B20: TOTAL IMPAYES RACHID | G20: =RACHID!I54 -> 1508678.1 | I20: =RACHID!I57 -> 1479362.4 | K20: =+(G20-I20)/I20 -> 0.019816476
B22: TOTAL IMPAYES OUSSAMA | G22: =OUSSAMA!I12 -> 12474 | I22: =+OUSSAMA!I15 -> 12474 | K22: =+(G22-I22)/I22 -> 0
B24: TOTAL GENERAL AU 31/07/2026 | G24: =SUM(G4:G23) -> 26163575
B26: TOTAL GENERAL IMPAYES AU 24/07/2026 | F26: 26243850 | G26: =+($G$24-F26)/F26 -> -0.0030587902
B27: TOTAL GENERAL IMPAYES AU 17/07/2026 | F27: 27355716 | G27: =+($G$24-F27)/F27 -> -0.043579218
B28: TOTAL GENERAL IMPAYES AU 10/07/2025 | F28: 27899115 | G28: =+($G$24-F28)/F28 -> -0.062207709

Sheet NABIL
B3: LISTE DES IMPAYES NABIL AU 31/07/2026
A5: NOM CLIENT | B5: COM | C5: Dte Facture | D5: M | E5: Bqe | F5: N° | G5: Échéance | H5: Montant | I5: Commentaire
A6: DHIBA CONSTRUCTION | B6: NABIL | C6: 40474 | D6: T | E6: SG | F6: 7608 | G6: 40672 | H6: 19414 | I6: PI
A7: DHIBA CONSTRUCTION | B7: NABIL | C7: 40467 | D7: T | E7: SG | F7: 7609 | G7: 40701 | H7: 29414 | I7: PI
A8: DHIBA CONSTRUCTION | B8: NABIL | C8: 40350 | D8: T | E8: SG | F8: 7611 | G8: 40763 | H8: 29414 | I8: PI
A9: DHIBA CONSTRUCTION | B9: NABIL | C9: 40350 | D9: T | E9: SG | F9: 7622 | G9: 40793 | H9: 29414 | I9: PI
A10: DHIBA CONSTRUCTION | B10: NABIL | C10: 40407 | D10: T | E10: SG | F10: 7613 | G10: 40823 | H10: 29414 | I10: PI
A11: DHIBA CONSTRUCTION | B11: NABIL | C11: 40343 | D11: T | E11: SG | F11: 7614 | G11: 40854 | H11: 29414 | I11: PI
A12: DHIBA CONSTRUCTION | B12: NABIL | C12: 40330 | D12: T | E12: SG | F12: 7615 | G12: 40884 | H12: 29418.88 | I12: PI : Dossier remis à M.BOUYA
A13: DHIBA CONSTRUCTION: TOTAL | H13: =SUM(H6:H12) -> 195902.88
A14: ADAROUASSIF OMAR | B14: NABIL | C14: 40357 | D14: T | E14: AWB | F14: 8768 | G14: 40757 | H14: 8986.61 | I14: PI
A15: ADAROUASSIF OMAR | B15: NABIL | C15: 40438 | D15: T | E15: AWB | F15: 8769 | G15: 40788 | H15: 68986.5 | I15: PI
A16: ADAROUASSIF OMAR | B16: NABIL | C16: 40438 | D16: T | E16: AWB | F16: 8771 | G16: 40818 | H16: 68986.6 | I16: PI
A17: ADAROUASSIF OMAR : TANTAN | B17: NABIL | C17: 40309 | D17: T | E17: AWB | F17: 8772 | G17: 40849 | H17: 68986.71 | I17: PI : Dossier remis à M.BOUYA
A18: ADAROUASSIF LAHCEN | B18: NABIL | C18: 40781 | D18: T | E18: BMCE | F18: 9421 | G18: 40933 | H18: 12760.34 | I18: PI
A19: ADAROUASSIF LAHCEN | B19: NABIL | C19: 40781 | D19: T | E19: BMCE | F19: 0292 | G19: 40935 | H19: 25000 | I19: PI
A20: ADAROUASSIF LAHCEN | B20: NABIL | C20: 40781 | D20: T | E20: BMCE | F20: 0293 | G20: 40933 | H20: 250000 | I20: PI
A21: ADAROUASSIF LAHCEN | B21: NABIL | C21: 40781 | D21: T | E21: BMCE | F21: 0291 | G21: 40933 | H21: 25000 | I21: PI
A22: ADAROUASSIF LAHCEN:TANTAN | B22: NABIL | C22: 40781 | D22: T | E22: BMCE | F22: 0295 | G22: 40933 | H22: 33630.5 | I22: PI : Dossier remis à M.BOUYA
A23: ADAROUASSIF LAHCEN: TOTAL | H23: =SUM(H14:H22) -> 562337.26
A24: OUDRA | B24: NABIL | C24: 41243 | D24: C | E24: BP | F24: 7080 | G24: 41250 | H24: 24382.26 | I24: PI : Montant Initial 270 432,26
A25: AHENDOUCH : STE DRAA | B25: NABIL | C25: 41262 | D25: T | E25: CDM | F25: 1680 | G25: 41389 | H25: 49336.63 | I25: PI : Montant Initial 184 273
A26: DAOUDI RACHID | B26: NABIL | C26: 41086 | D26: C | E26: BP | F26: 2143 | G26: 41283 | H26: 73579.33 | I26: PI : Montant Initial 163 134,51
A27: DAOUDI RACHID | B27: NABIL | C27: 41086 | D27: C | E27: BP | F27: 6669 | G27: 41324 | H27: 25000 | I27: PI
A28: DAOUDI RACHID | B28: NABIL | C28: 41086 | D28: C | E28: BP | F28: 6670 | G28: 41330 | H28: 25000 | I28: PI
A29: DAOUDI RACHID | B29: NABIL | C29: 41174 | D29: C | E29: BP | F29: 6671 | G29: 41359 | H29: 25000 | I29: PI
A30: DAOUDI RACHID | B30: NABIL | C30: 41218 | D30: C | E30: BP | F30: 2143 | G30: 41283 | H30: 25886.87 | I30: PI : Montant Initial 163 134,51
A31: DAOUDI RACHID : TOTAL | H31: =SUM(H26:H30) -> 174466.2
A32: AMEJOUD | B32: NABIL | C32: 41048 | D32: C | E32: AWB | F32: 1080 | G32: 41353 | H32: 7818 | I32: PI : Montant Initial 10 818
A33: AMEJOUD | B33: NABIL | C33: 41106 | D33: C | E33: AWB | F33: 1079 | G33: 41384 | H33: 10818 | I33: PI
A34: AMEJOUD | B34: NABIL | C34: 41106 | D34: C | E34: AWB | F34: 1078 | G34: 41414 | H34: 10818 | I34: PI
A35: AMEJOUD | B35: NABIL | C35: 41106 | D35: C | E35: AWB | F35: 1076 | G35: 41445 | H35: 10818 | I35: PI
A36: AMEJOUD | B36: NABIL | C36: 41106 | D36: C | E36: AWB | F36: 1077 | G36: 41475 | H36: 10818 | I36: PI
A37: AMEJOUD | B37: NABIL | C37: 41162 | D37: C | E37: AWB | F37: 1074 | G37: 41506 | H37: 10818 | I37: PI
A38: AMEJOUD | B38: NABIL | C38: 41162 | D38: C | E38: AWB | F38: 1075 | G38: 41537 | H38: 10818 | I38: PI
A39: AMEJOUD | B39: NABIL | C39: 41162 | D39: C | E39: AWB | F39: 1073 | G39: 41598 | H39: 10818 | I39: PI
A40: AMEJOUD | B40: NABIL | C40: 41162 | D40: C | E40: AWB | F40: 1072 | G40: 41598 | H40: 10818 | I40: PI : Dossier remis à M.BOUYA
A41: AMEJOUD : TOTAL | H41: =SUM(H32:H40) -> 94362
A42: LIBARI DOUNYA | B42: NABIL | C42: 41191 | D42: T | F42: 7839 | G42: 41335 | H42: 695.95 | I42: PI : 10 695,95
A43: LIBARI DOUNYA | B43: NABIL | C43: 41052 | D43: T | F43: 5676 | G43: 41341 | H43: 13616.04 | I43: PI : 20 000
A44: LIBARI DOUNYA | B44: NABIL | C44: 41052 | D44: T | F44: 5677 | G44: 41348 | H44: 20000 | I44: PI
A45: LIBARI DOUNYA | B45: NABIL | C45: 41191 | D45: T | F45: 7837 | G45: 41351 | H45: 15347.85 | I45: PI
A46: LIBARI DOUNYA | B46: NABIL | C46: 41052 | D46: T | F46: 5678 | G46: 41355 | H46: 20000 | I46: PI
A47: LIBARI DOUNYA | B47: NABIL | C47: 41191 | D47: T | F47: 7836 | G47: 41358 | H47: 15347.85 | I47: PI
A48: LIBARI DOUNYA : SAFI | B48: NABIL | C48: 41052 | D48: T | F48: 5679 | G48: 41362 | H48: 20000 | I48: P I
A49: LIBARI DOUNYA : CHÈQ du 02/07 | B49: NABIL | C49: 41092 | D49: C | E49: AWB | F49: 4899 | G49: 41457 | H49: 229870 | I49: PI : remis à l'avocat
A50: LIBARI DOUNYA | B50: NABIL | C50: 41278 | D50: C | E50: AWB | F50: 4892 | G50: 42927 | H50: 213904.13 | I50: PI : remis à l'avocat
A51: LIBARI DOUNYA : TOTAL | H51: =SUM(H42:H50) -> 548781.82
A52: EL MOKHTAR ZAIKOU | B52: NABIL | C52: 41452 | D52: C | E52: AWB | F52: 6004 | G52: 42160 | H52: 107176.38 | I52: PI : Dossier remis à M.BOUYA
A53: EL MOKHTAR ZAIKOU | B53: NABIL | C53: 41639 | D53: C | E53: AWB | F53: 9385 | G53: 41324 | H53: 15842.46 | I53: P I
A54: EL MOKHTAR ZAIKOU : TOTAL | H54: =SUM(H52:H53) -> 123018.84
A55: EL GUELOUILARBI | B55: NABIL | C55: 41342 | D55: C | E55: CDM | F55: 3571 | G55: 41369 | H55: 3900 | I55: PI : Montant Initial 14 400
A56: REEL WOOD : ADERDOUR ISMAIL | B56: NABIL | C56: aout-spt13 | D56: C | E56: BP | F56: 9379 | G56: 41789 | H56: 7390.47 | I56: PI : Montant Initial 60 000: BOUYA
A57: STE TIKIRT : OUTABOUNT | B57: NABIL | C57: 41440 | D57: C | E57: BMCE | F57: 6618 | G57: 42037 | H57: 18521.42 | I57: OPPOSITION AU PAIEMENT:30 000
A58: STE TIKIRT : OUTABOUNT | B58: NABIL | C58: 41440 | D58: C | E58: BMCE | F58: 6619 | G58: 42037 | H58: 30000 | I58: OPPOSITION AU PAIEMENT
A59: STE TIKKIRT : TOTAL | H59: =SUM(H57:H58) -> 48521.42
A60: AIT OUCHEN | B60: NABIL | C60: 41813 | D60: T | E60: BMCE | F60: 8865 | G60: 42051 | H60: 130000 | I60: PI
A61: AIT OUCHEN | B61: NABIL | C61: 41813 | D61: T | E61: BMCE | F61: 8863 | G61: 42051 | H61: 17381.25 | I61: PI : Montant Initial 130 000: BOUYA
A62: AIT OUCHEN : TOTAL | H62: =SUM(H60:H61) -> 147381.25
A63: IZEF TRANS | B63: NABIL | C63: 42181 | D63: C | E63: CDM | F63: 9744 | G63: 42217 | H63: 167040 | I63: PI : REP LE 19/08/15
A64: IZEF TRANS : EL LEFFAF | B64: NABIL | C64: 42208 | D64: C | E64: CAM | F64: 3902 | G64: 43342 | H64: 81400 | I64: P I
A65: IZEF TRANS : TOTAL | H65: =SUM(H63:H64) -> 248440
A66: CHAFIQ : HANIFA | B66: NABIL | C66: 41977 | D66: C | E66: BP | F66: 3302 | G66: 42795 | H66: 13918.32 | I66: PI : Montant Initial 20 000
A67: RIDALAQ TRX : LAQBAIBI REDA | B67: NABIL | C67: 42501 | D67: C | E67: CIH | F67: 4094 | G67: 42566 | H67: 110842 | I67: PI : REP LE 18/07/16
A68: RIDALAQ TRX : LAQBAIBI REDA | B68: NABIL | C68: 42538 | D68: C | E68: CIH | F68: 4095 | G68: 42579 | H68: 100000 | I68: P I
A69: RIDALAQ TRX : LAQBAIBI REDA | B69: NABIL | C69: 42538 | D69: C | E69: CIH | F69: 4096 | G69: 42579 | H69: 103389 | I69: P I
A70: RIDALAQ TRX : TOTAL | H70: =SUM(H67:H69) -> 314231
A71: CHEF MED | B71: NABIL | C71: 42927 | D71: C | E71: CAM | F71: 0239 | G71: 43152 | H71: 76196.1 | I71: PI :
A72: CHEF MED | B72: NABIL | C72: 42927 | D72: C | E72: CAM | F72: 0240 | G72: 43199 | H72: 70219.23 | I72: PI :
A73: CHEF MED | B73: NABIL | C73: 42959 | D73: C | E73: CAM | F73: 0241 | G73: 43178 | H73: 73035.87 | I73: PI :
A74: CHEF MED : TOTAL | H74: =SUM(H71:H73) -> 219451.2
A75: AKSAA CONSTRUCT : BENDAOUDI | B75: NABIL | C75: 43083 | D75: T | E75: AWB | F75: 9039 | G75: 43311 | H75: 2748 | I75: PI : Montant Initial 50 000
A76: EL BOURI JABAR | B76: NABIL | C76: 43257 | D76: C | E76: AWB | F76: 5995 | G76: 43373 | H76: 126600 | I76: P I
A77: EL BOURI JABAR | B77: NABIL | C77: 43257 | D77: C | E77: AWB | F77: 5998 | G77: 43388 | H77: 107837 | I77: P I
A78: EL BOURI JABAR : TOTAL | H78: =SUM(H76:H77) -> 234437
A79: BINAYATE ERREDA | B79: NABIL | C79: 43287 | D79: T | E79: BP | F79: 0958 | G79: 43454 | H79: 40934.6 | I79: PI : Montant Initial 52 000
A80: BINAYATE ERREDA | B80: NABIL | C80: 43293 | D80: T | E80: BP | F80: 0959 | G80: 43459 | H80: 53000 | I80: PI
A81: BINAYATE ERREDA | B81: NABIL | C81: 43304 | D81: T | E81: BP | F81: 0964 | G81: 43485 | H81: 55000 | I81: PI
A82: BINAYATE ERREDA | B82: NABIL | C82: 43304 | D82: T | E82: BP | F82: 0962 | G82: 43490 | H82: 57977 | I82: PI
A83: BINAYATE ERREDA | B83: NABIL | C83: 43322 | D83: T | E83: BP | F83: 0963 | G83: 43495 | H83: 77193.65 | I83: PI
A84: BINAYATE ERREDA : TOTAL | H84: =SUM(H79:H83) -> 284105.25
A85: SOTMAN | B85: NABIL | C85: 43194 | D85: C | E85: BMCI | F85: 8024 | G85: 43521 | H85: 597798.26 | I85: PI
A86: STE MERIE BOISFATHALLAH | B86: NABIL | C86: 43585 | D86: T | E86: BP | F86: 3135 | G86: 43740 | H86: 243.16 | I86: PI : 18 821,19
A87: STE MERIE BOISFATHALLAH | B87: NABIL | C87: 43973 | D87: T | E87: BP | F87: 5924 | G87: 44315 | H87: 18827 | I87: P I
A88: STE MERIE BOISFATHALLAH | B88: NABIL | C88: 43973 | D88: T | E88: BP | F88: 5926 | G88: 44330 | H88: 15000 | I88: P I
A89: STE MERIE BOISFATHALLAH | B89: NABIL | C89: 43973 | D89: T | E89: BP | F89: 5928 | G89: 44337 | H89: 18000 | I89: PI
A90: STE MERIE BOISFATHALLAH TOTAL | H90: =SUM(H86:H89) -> 52070.16
A91: STE SOKAYOUB | B91: NABIL | C91: 43112 | D91: C | E91: AWB | F91: 2140 | G91: 43159 | H91: 15372 | I91: P I : Compte 4500
A92: TARIK DENTISTE | B92: NABIL | C92: 39768 | D92: T | E92: BMCE | F92: 2272 | G92: 43585 | H92: 1925.6 | I92: P I : Compte 4500 : 22 981,40
A93: SAAD EL MASSAOUDI | B93: NABIL | C93: MAI-JUIN19 | D93: C | E93: AWB | F93: 7147 | G93: 43836 | H93: 80869.32 | I93: PI : Montant Initial 380 000
A94: SAAD EL MASSAOUDI | B94: NABIL | C94: 43466 | D94: C | E94: AWB | F94: 7156 | G94: 46057 | H94: 100000 | I94: PI
A95: SAAD EL MASSAOUDI | B95: NABIL | C95: 43466 | D95: C | E95: AWB | F95: 7157 | G95: 46080 | H95: 100000 | I95: PI
A96: SAAD EL MASSAOUDI | B96: NABIL | C96: 43466 | D96: C | E96: AWB | F96: 7158 | G96: 46112 | H96: 100000 | I96: PI
A97: SAAD EL MASSAOUDI: TOTAL | H97: =SUM(H93:H96) -> 380869.32
A98: BELGHITI SAID | B98: NABIL | C98: 43610 | D98: C | E98: SG | F98: 0147 | G98: 43749 | H98: 3568 | I98: Sur Imp HYDRAULIQUE : 4500 PI Mnt Initial 143 568
A99: BELGHITI SAID | B99: NABIL | C99: 43645 | D99: C | E99: SG | F99: 0165 | G99: 43762 | H99: 18144 | I99: Sur Imp HYDRAULIQUE : 4500 PI Mnt Initial 161712
A100: BELGHITI SAID: STE BIROUK | B100: NABIL | C100: 43610 | D100: T | E100: BP | F100: 4960 | G100: 44286 | H100: 140000 | I100: Sur Imp HYDRAULIQUE : 4500 REP LE 25/01/22
A101: BELGHITI SAID TOTAL | H101: =SUM(H98:H100) -> 161712
A102: STE BOUAOUIDI BOIS | B102: NABIL | C102: 43718 | D102: T | E102: BP | F102: 3268 | G102: 44015 | H102: 18000 | I102: P I REP LE 17/12/21
A103: STE BOUAOUIDI BOIS | B103: NABIL | C103: 43718 | D103: T | E103: BP | F103: 3270 | G103: 44019 | H103: 25000 | I103: PI
...

Sheet OMAR
B2: LISTE DES IMPAYES OMAR AU 31/07/2026
A4: NOM CLIENT | B4: COM | C4: Dte Facture | D4: M | E4: Bqe | F4: N° | G4: Échéance | H4: Montant | I4: Commentaire
A5: BELAADIM HJ LAHCE: MARIKH | B5: OMAR | C5: 41878 | D5: T | E5: BMCE | F5: 373498 | G5: 42144 | H5: 7840 | I5: PI
A6: BELAADIM HJ LAHCEN: ASSMLAL | B6: OMAR | C6: 41818 | D6: T | E6: AWB | F6: 424182 | G6: 42003 | H6: 7000 | I6: PI : REP LE 10/03/15
A7: BELAADIM HJ LAHCEN: ASSMLAL | B7: OMAR | C7: 41818 | D7: T | E7: AWB | F7: 424183 | G7: 42003 | H7: 6780 | I7: PI : REP LE 10/03/15
A8: BELAADIM HJ LAHCEN: ASSMLAL | B8: OMAR | C8: 41878 | D8: T | E8: AWB | F8: 426841 | G8: 42063 | H8: 8500 | I8: PI
A9: BELAADIM HJ LAHCEN:AKARID | B9: OMAR | C9: 42004 | D9: T | E9: AWB | F9: 137306 | G9: 42215 | H9: 8500 | I9: PI
A10: BELAADIM HJ LAHCEN:AROUKAD | B10: OMAR | C10: 41818 | D10: T | E10: CAM | F10: 128385 | G10: 41958 | H10: 37624.64 | I10: PI mnt Initial 147 604,64
A11: BELAADIM HJ LAHCEN:HABYBALLAH | B11: OMAR | C11: 41964 | D11: T | E11: CAM | F11: 151989 | G11: 42217 | H11: 10000 | I11: PI
A12: BELAADIM HJ LAHCEN : TOTAL | H12: =SUM(H5:H11) -> 86244.64
A13: SERIE LMAJD: AFLLA | B13: OMAR | C13: 41626 | D13: T | E13: BMCI | F13: 643839 | G13: 41698 | H13: 171936 | I13: PI
A14: SERIE LMAJD: AFLLA | B14: OMAR | C14: 41626 | D14: T | E14: BMCI | F14: 643840 | G14: 41714 | H14: 169920 | I14: PI
A15: SERIE LMAJD: TOTAL | H15: =SUM(H13:H14) -> 341856
A16: BAKARE | B16: OMAR | C16: 40570 | D16: T | E16: AWB | F16: 1255 | G16: 41615 | H16: 9123.69 | I16: PI mnt Initial 62 123,69-Dossier remis à M.BOUYA
A17: KASSANI | B17: OMAR | C17: 40808 | D17: T | E17: CAM | F17: 415198 | G17: 40923 | H17: 101918.74 | I17: PI -Dossier remis à M.BOUYA
A18: YAHYA OURRAD : MKCH | B18: OMAR | C18: 41425 | D18: C | E18: AWB | F18: 572038 | G18: 41645 | H18: 5191.46 | I18: SIGN NON CONFORME- M Initial 100 000
A19: EL BARI ESSAID | B19: OMAR | C19: 42471 | D19: C | E19: SG | F19: 3126 | G19: 44354 | H19: 25580 | I19: PI MNT INITIAL 90580
A20: EL BARI ESSAID : TOTAL | H20: =SUM(H19:H19) -> 25580
A21: BOUBNINA RADOUANE | B21: OMAR | C21: 42284 | D21: C | E21: AWB | F21: 761083 | G21: 42633 | H21: 67913.54 | I21: PI : MT INITIAL 167 913,54
A22: BOUBNINA RADOUANE | B22: OMAR | C22: 42284 | D22: C | E22: AWB | F22: 761103 | G22: 42741 | H22: 59720 | I22: PI : MT INITIAL 203 110,93
A23: BOUBNINA RADOUANE : TOTAL | H23: =SUM(H21:H22) -> 127633.54
A24: MAHMOUD BOIS | B24: OMAR | C24: 41149 | D24: C | E24: CAM | F24: 103288 | G24: 41628 | H24: 10007.04 | I24: PI mnt Initial38 412,26-Dossier remis à M.BOUYA
A25: ETRANE BOIS+ MAHMOUD BOIS | B25: OMAR | C25: 40967 | D25: C | E25: BP | F25: 370237 | G25: 42663 | H25: 126752.28 | I25: ABSENCE DE COMPTE
A26: ETRANE BOIS+ MAHMOUD BOIS:TOT | H26: =SUM(H24:H25) -> 136759.32
A27: STE EL OILLAF | B27: OMAR | C27: 43189 | D27: T | E27: BP | F27: 747875 | G27: 43536 | H27: 264862.6 | I27: PI
A28: STE EL OILLAF | B28: OMAR | C28: 43189 | D28: T | E28: BP | F28: 747882 | G28: 43578 | H28: 200000 | I28: PI
A29: STE EL OILLAF | B29: OMAR | C29: 43217 | D29: T | E29: BP | F29: 747883 | G29: 43595 | H29: 200000 | I29: PI
A30: STE EL OILLAF | B30: OMAR | C30: 43218 | D30: T | E30: CAM | F30: 600954 | G30: 43641 | H30: 142644.11 | I30: PI
A31: STE EL OILLAF | B31: OMAR | C31: 43251 | D31: T | E31: BP | F31: 747916 | G31: 43564 | H31: 200000 | I31: PI
A32: STE EL OILLAF | B32: OMAR | C32: 43280 | D32: T | E32: BP | F32: 747917 | G32: 43580 | H32: 243602.41 | I32: PI
A33: STE EL OILLAF | B33: OMAR | C33: 43372 | D33: T | E33: CAM | F33: 348986 | G33: 43633 | H33: 100000 | I33: PI
A34: STE EL OILLAF | B34: OMAR | C34: 43157 | D34: T | E34: CAM | F34: 600957 | G34: 43637 | H34: 243526 | I34: PI
A35: STE EL OILLAF | B35: OMAR | C35: 44301 | D35: T | E35: BMCE | F35: 556 | G35: 44439 | H35: 21000 | I35: PI
A36: STE EL OILLAF | B36: OMAR | C36: 44301 | D36: T | E36: BMCE | F36: 557 | G36: 44439 | H36: 20887.56 | I36: PI
A37: STE EL OILLAF : TOTAL | H37: =SUM(H27:H36) -> 1636522.7
A38: IZIKI BOIS | B38: OMAR | C38: 42606 | D38: T | E38: CDM | F38: 7070 | G38: 43854 | H38: 27420.96 | I38: PI : REP LE 18/12/2019
A39: SORETRAD | B39: OMAR | C39: 43666 | D39: C | E39: CAM | F39: 148 | G39: 43915 | H39: 7500 | I39: SUR IMPAYE : PI 4500 MNT INITIAL 35 000DHS
A40: SORETRAD : TOTAL | H40: =SUM(H39:H39) -> 7500
A41: STE WIDAS | B41: OMAR | C41: 44385 | D41: C | E41: BMCE | F41: 7230 | G41: 44385 | H41: 32619.84 | I41: PI : REP LE 20/05/22
A42: STE WIDAS | B42: OMAR | C42: 44433 | D42: C | E42: BMCE | F42: 7275 | G42: 44515 | H42: 10560 | I42: PI : REP LE 20/05/22
A43: STE WIDAS : TOTAL | H43: =SUM(H41:H42) -> 43179.84
A44: OUADRIM BOIS: ABDELKEBIR OUHMID | B44: OMAR | C44: 45838 | D44: T | E44: BMCI | F44: 8989 | G44: 46001 | H44: 213 | I44: PI : MNT INITIAL 61 773,88
A45: OUADRIM BOIS: ABDELKEBIR OUHMID | B45: OMAR | C45: 45875 | D45: C | E45: BMCE | F45: 8539 | G45: 46044 | H45: 223760.38 | I45: PI
A46: OUADRIM BOIS : TOTAL | H46: =SUM(H44:H45) -> 223973.38
A47: MEDLEAU | B47: OMAR | C47: 45846 | D47: T | E47: SG | F47: 9692 | G47: 46053 | H47: 99339.43 | I47: PI MNT INITIAL 299 339,43
A48: EL YOUSSFI MED | B48: OMAR | C48: 45428 | D48: C | E48: BP | F48: 0229 | G48: 46111 | H48: 21384 | I48: PI
A49: MERIE BERRAZZOUQ | B49: OMAR | C49: 45440 | D49: T | E49: BP | F49: 0094 | G49: 45568 | H49: 52000 | I49: PI : VERSE LE 16/04/2026
A50: MERIE BERRAZZOUQ | B50: OMAR | C50: 45470 | D50: T | E50: BP | F50: 0095 | G50: 45574 | H50: 42200 | I50: PI : VERSE LE 16/04/2026
A51: MERIE BERRAZZOUQ | B51: OMAR | C51: 45470 | D51: T | E51: BP | F51: 0096 | G51: 45579 | H51: 42000 | I51: PI : VERSE LE 16/04/2026
A52: MERIE BERRAZZOUQ | B52: OMAR | C52: 45470 | D52: T | E52: BP | F52: 0097 | G52: 45581 | H52: 42550 | I52: PI : VERSE LE 16/04/2026
A53: MERIE BERRAZZOUQ | B53: OMAR | C53: 45483 | D53: T | E53: BP | F53: 0098 | G53: 45597 | H53: 42300 | I53: PI : VERSE LE 16/04/2026
A54: MERIE BERRAZZOUQ | B54: OMAR | C54: 45483 | D54: T | E54: BP | F54: 0099 | G54: 45601 | H54: 42394 | I54: PI : VERSE LE 16/04/2026
A55: MERIE BERRAZZOUQ | B55: OMAR | C55: 45483 | D55: T | E55: BP | F55: 0100 | G55: 45604 | H55: 42490 | I55: PI : VERSE LE 16/04/2026
A56: MERIE BERRAZZOUQ : TOTAL | H56: =SUM(H49:H55) -> 305934
A57: CHAGNA IMMOBILIER : CHOUIKIKRACHID | B57: OMAR | C57: 45975 | D57: T | E57: AWB | F57: 2285 | G57: 46142 | H57: 15000 | I57: PI MNT INITIAL 55 000
A58: SGCN GLOBAL | B58: OMAR | C58: 46128 | D58: C | E58: CIH | F58: 1013 | G58: 46218 | H58: 60895.8 | I58: PI
A59: SGCN GLOBAL | B59: OMAR | C59: 46087 | D59: C | E59: AWB | F59: 2748 | G59: 46195 | H59: 71696 | I59: PI MANQUE SIGNATURE COMPLEMENTAIRE REP 17/07
A60: SGCN GLOBAL : TOTAL | H60: =SUM(H58:H59) -> 132591.8
A61: MED AMHAOUNE | B61: OMAR | D61: C | E61: BMCE | F61: 3260 | G61: 46230 | H61: 176953.6 | I61: PI
C64: TOTAL IMPAYES OMAR | H64: =H12+H15+H16+H17+H18+H20+H23+H26+H37+H38+H40+H43+H46+H47+H48+H56+H57+H60+H61 -> 3524107.1
C66: Total Impayés OMAR au 24/07/2026 | H66: 3275457.5 | I66: =+($H$64-H66)/H66 -> 0.075912938
C67: Total Impayés OMAR au 17/07/2026 | H67: 3478371.2 | I67: =+($H$64-H67)/H67 -> 0.013148643
C68: Total Impayés OMAR au 10/07/2026 | H68: 3550067.2 | I68: =+($H$64-H68)/H68 -> -0.007312577
C72: : Nouvel Impayé
D74: TOTAL IMPAYES OMAR
C75: 44987 | D75: 2932328
C76: 45449 | D76: 2767814.1
C77: 45456 | D77: 2853842.1
C78: 45463 | D78: 3153946.1
C79: 45470 | D79: 3153946.1
C80: 45477 | D80: 2951894
C81: 45484 | D81: 2878338.7
C82: 45491 | D82: 2827597.5
C83: 45498 | D83: 2803725.5
C84: 45505 | D84: 2893725.5
C85: 45512 | D85: 3220504.5
C86: 45519 | D86: 3227270.6
... C167: 46234 | D167: 3524107.1

Sheet DIRECTION
C2: LISTE DES IMPAYES DIRECTION AU 10/07/2026
A5: NOM CLIENT | B5: COM | C5: Dte Facture | D5: M | E5: Bqe | F5: N° | G5: Échéance | H5: Montant | I5: Commentaire
A6: COSCO | B6: DIRCT | C6: 40014 | D6: T | E6: SG | F6: 4086 | G6: 40877 | H6: 52192 | I6: PI: Montant initial 72 192
A7: ESPACE SOFIA | B7: DIRCT | C7: 41545 | D7: T | E7: AWB | F7: 5090 | G7: 41697 | H7: 7516 | I7: PI: Compte 4500
C10: TOTAL IMPAYES DIRECTION | H10: =H6+H7 -> 59708
C13: Total Impayés Direction au 30/01/2025 | H13: 59708 | I13: =($H$10-H13)/H13 -> 0
C14: Total Impayés Direction au 23/01/2025 | H14: 59708 | I14: =($H$10-H14)/H14 -> 0
C15: Total Impayés Direction au | G15: 45673 | H15: 59708 | I15: =($H$10-H15)/H15 -> 0
C19: : Nouvel Impayé
E21: TOTAL IMPAYES DIRECTION
C22: 44987 | E22: 444276
C23: 44994 | E23: 444276
C24: 45001 | E24: 444276
C25: 45008 | E25: 444276
C26: 45015 | E26: 444276
C27: 45022 | E27: 444276
C28: 45029 | E28: 444276
C29: 45036 | E29: 59708
C30: 45043 | E30: 59708
C31: 45051 | E31: 59708
C32: 45057 | E32: 59708
C33: 45064 | E33: 59708
... C110: 45694 | E110: 59708

Sheet FAYCAL
C3: LISTE DES IMPAYES FAYCAL AU 31/07/2026
A6: NOM CLIENT | B6: COM | C6: Dte Facture | D6: M | E6: Bqe | F6: N° | G6: Échéance | H6: Montant | I6: Commentaire
A7: CHERKAOUI ABDESSADEK | B7: Fayçal | C7: 42094 | D7: C | E7: AWB | F7: 8043 | G7: 42686 | H7: 541 | I7: Cheq Prescrit: Montant initial 121 932,02
A8: BOUKRIM EL HOUCINE | B8: Fayçal | C8: 42691 | D8: C | E8: SG | F8: 6978 | G8: 43061 | H8: 62378.92 | I8: PI: Montant initial 70 000
A9: HANDASSA: STROC INDUSTRIE | B9: Fayçal | C9: 42213 | D9: T | E9: BMCE | F9: 6775 | G9: 43221 | H9: 73113.16 | I9: PI
A10: STE KAZETTE :JAMAL DAHIR | B10: Fayçal | C10: 41969 | D10: C | E10: BMCE | F10: 9712 | G10: 43308 | H10: 10000 | I10: CHEQ FRAPE D'INDISPONI:50 000
A11: STE KAZETTE :JAMAL DAHIR | B11: Fayçal | C11: 41969 | D11: C | E11: BMCE | F11: 9718 | G11: 43308 | H11: 50000 | I11: CHEQ FRAPE D'INDISPONIBILITE
A12: STE KAZETTE :JAMAL DAHIR | B12: Fayçal | C12: 41969 | D12: C | E12: BMCE | F12: 9717 | G12: 43308 | H12: 50000 | I12: CHEQ FRAPE D'INDISPONIBILITE
A13: STE KAZETTE :JAMAL DAHIR | B13: Fayçal | C13: 41969 | D13: C | E13: BMCE | F13: 9713 | G13: 43308 | H13: 30000 | I13: CHEQ FRAPE D'INDISPONI:50 000
A14: STE KAZETTE :TOTAL | H14: =SUM(H10:H13) -> 140000
A15: BOUKRIM EL HOUCINE | B15: Fayçal | C15: 42691 | D15: C | E15: SG | F15: 6978 | G15: 43061 | H15: 7621.08 | I15: PI: Montant initial 70 000 Cpte 4500
A16: CHARIKAT AL MISSRI | B16: Fayçal | C16: 43909 | D16: C | E16: BP | F16: 2035 | G16: 43994 | H16: 137179.95 | I16: PI
A17: CHARIKAT AL MISRI LIL AAMAL | B17: Fayçal | C17: 43909 | D17: C | E17: BP | F17: 2029 | G17: 43926 | H17: 39746.26 | I17: PI : REP LE 29/07/20
A18: CHARIKAT AL MISSRI: TOTAL | H18: =SUM(H16:H17) -> 176926.21
A19: JAMALI ESSAID : JAMALI WOOD | B19: Fayçal | C19: 44638 | D19: C | E19: BP | F19: 0011 | G19: 44772 | H19: 700 | I19: PI : MNT INITIAL 51700 REP LE 15/9
A20: JAMALI ESSAID : TOTAL | H20: =SUM(H19:H19) -> 700
A21: ZAROIL YOUSSEF : ALLSTEEL MAROC | B21: Fayçal | C21: 44907 | D21: T | E21: BMCE | F21: 7429 | G21: 44907 | H21: 2353.69 | I21: SIGNATURE NON CONFORME62215,60
A22: ZAROIL YOUSSEF : TOTAL | H22: 2353.69
A23: SOUAF LAHOUCINE : TURKIA SHOP OFFICIEL | B23: Fayçal | C23: 45516 | D23: C | E23: BP | F23: 0037 | G23: 45777 | H23: 7837.69 | I23: PI : MNT INITIAL 10 000
A24: SOUAF LAHOUCINE : TOTAL | H24: =SUM(H23:H23) -> 7837.69
A25: BEDHAJ BOIS: STE IMDOUKAL MERIE | B25: Fayçal | C25: 45925 | D25: T | E25: BMCI | F25: 1659 | G25: 46032 | H25: 56758 | I25: PI MNT INITIAL
A26: BEDHAJ BOIS : TOTAL | H26: =SUM(H25:H25) -> 56758
A27: SBIK : ABOUYOU TRVX DIVERS | B27: Fayçal | C27: 45926 | D27: C | E27: BMCE | F27: 2392 | G27: 45996 | H27: 20000 | I27: PI
A28: SBIK : TOTAL | H28: =SUM(H27:H27) -> 20000
A29: BENNASSER ABDELFATTAH : STE ZAHRAT EL FARAH | B29: Fayçal | C29: 46030 | D29: T | E29: BP | F29: 0101 | G29: 46162 | H29: 138600 | I29: PI REP LE 15/06/2026
A30: BENNASSER ABDELFATTAH : TOTAL | H30: =SUM(H29:H29) -> 138600
A31: BELBARAKA MED SALAH : STE KOUGRI | B31: Fayçal | C31: 45791 | D31: C | E31: AWB | F31: 4424 | G31: 46014 | H31: 5000 | I31: PI REP LE 26/02/2026 MNT INITIAL 25 000
A32: NID YOUSSEF BRAHIM | B32: Fayçal | C32: 45951 | D32: T | E32: SG | F32: 5489 | G32: 46157 | H32: 38000 | I32: PI
A33: STE BANER BOIS | B33: Fayçal | C33: 44797 | D33: T | E33: CDM | F33: 5576 | G33: 46205 | H33: 177069.1 | I33: PI + SIGNATURE NON CONFORME
A34: EL HAMMOUTI BOIS : BOUNAKHLA IBRAHIM YASSIR | B34: Fayçal | C34: 46014 | D34: T | E34: AWB | F34: 4921 | G34: 46203 | H34: 30000 | I34: PI
A35: ANCIEN BOIS | B35: Fayçal | C35: 46118 | D35: C | E35: SAHAM BK | F35: 6186 | G35: 46217 | H35: 29120.03 | I35: SIGNATURE NON CONFORME
A36: G3C | B36: Fayçal | C36: 46062 | D36: T | E36: AWB | F36: 3901 | G36: 46213 | H36: 273888 | I36: PI
A37: GOLD SUD BATIMENT | B37: Fayçal | D37: T | E37: AWB | F37: 0620 | G37: 46227 | H37: 72072 | I37: PI
C42: TOTAL IMPAYES FAYCAL | H42: =H7+H8+H9+H14+H15+H18+H20+H22+H24+H26+H28+H30+H31+H32+H33+H34+H35+H36+H37 -> 1311978.9
C45: Total Impayés FAYCAL au 24/07/2026 | H45: 1239906.9 | I45: =+($H$42-H45)/H45 -> 0.058126946
C46: Total Impayés FAYCAL au 17/07/2026 | H46: 1212911.9 | I46: =+($H$42-H46)/H46 -> 0.081676997
C47: Total Impayés FAYCAL au 10/07/2026 | H47: 1394391.9 | I47: =+($H$42-H47)/H47 -> -0.059103164
C49: : Nouvel Impayé
C52: 45456 | D52: 763053.76
C53: 45463 | D53: 856141.76
C54: 45470 | D54: 856141.76
C55: 45477 | D55: 856141.76
C56: 45484 | D56: 856141.76
C57: 45491 | D57: 1175355.7
C58: 45498 | D58: 1101955.7
C59: 45505 | D59: 758201.76
C60: 45512 | D60: 1023256.3
C61: 45519 | D61: 998956.32
C62: 45547 | D62: 834671.76
C63: 45554 | D63: 693851.76
... C142: 46234 | D142: 1311978.9

Sheet NAOUFAL
D2: LISTE DES IMPAYES NAOUFAL AU 31/07/2026
B5: NOM CLIENT | C5: COM | D5: Dte Facture | E5: M | F5: Bqe | G5: N° | H5: Échéance | I5: Montant | J5: Commentaire
B6: ABOUSSALIH HICHAM | C6: NAOUFAL | D6: 44606 | E6: C | F6: AWB | G6: 6084 | H6: 44893 | I6: 134393.12 | J6: PI: MNT INITIAL 167663
B7: ABOUSSALIH HICHAM : TOTAL | I7: =SUM(I6:I6) -> 134393.12
B8: CHAKHMA ABDELKADER | C8: NAOUFAL | D8: 44727 | E8: C | F8: AWB | G8: 3936 | H8: 44855 | I8: 27066.96 | J8: PI
B9: CHAKHMA ABDELKADER | C9: NAOUFAL | D9: 44727 | E9: C | F9: AWB | G9: 3937 | H9: 44862 | I9: 27066.96 | J9: PI
B10: CHAKHMA ABDELKADER | C10: NAOUFAL | D10: 44727 | E10: C | F10: AWB | G10: 3938 | H10: 44872 | I10: 27066.96 | J10: PI
B11: CHAKHMA ABDELKADER | C11: NAOUFAL | D11: 44727 | E11: C | F11: AWB | G11: 3939 | H11: 44876 | I11: 27066.96 | J11: PI
B12: CHAKHMA ABDELKADER | C12: NAOUFAL | D12: 44727 | E12: C | F12: AWB | G12: 3940 | H12: 44883 | I12: 27066.96 | J12: PI
B13: CHAKHMA ABDELKADER | C13: NAOUFAL | D13: 44789 | E13: C | F13: AWB | G13: 7708 | H13: 44890 | I13: 135534.8 | J13: PI
B14: CHAKHMA ABDELKADER : TOTAL | I14: =SUM(I8:I13) -> 270869.6
B15: ELJIBAOUI ABDELHAMID | C15: NAOUFAL | D15: 45012 | E15: C | F15: AWB | G15: 0483 | H15: 45163 | I15: 23624.66 | J15: PI
B16: ELJIBAOUI ABDELHAMID | C16: NAOUFAL | D16: 45189 | E16: C | F16: AWB | G16: 8799 | H16: 45150 | I16: 23000 | J16: PI: REP LE 23/02/24
B17: ELJIBAOUI ABDELHAMID : TOTAL | I17: =SUM(I15:I16) -> 46624.66
B18: STE SORAYASS : STE QUOTIDIEN DESIGN | C18: NAOUFAL | D18: 45568 | E18: T | F18: BP | G18: 0066 | H18: 45736 | I18: 15000 | J18: PI
B19: STE SORAYASS : STE SOS MARRAKECH | C19: NAOUFAL | D19: 45798 | E19: C | F19: CAM | G19: 9291 | H19: 45838 | I19: 50734 | J19: PI REP LE 13/08/25 MNT INITIAL 57 000
B20: STE SORAYASS : STE MARGHOUME SAKAN | C20: NAOUFAL | D20: 45713 | E20: C | F20: AWB | G20: 8692 | H20: 45828 | I20: 100000 | J20: PI
B21: STE SORAYASS : KAMAL DARAI | C21: NAOUFAL | D21: 45897 | E21: C | F21: AWB | G21: 0611 | H21: 46010 | I21: 35000 | J21: PI
B22: STE SORAYASS : KAMAL DARAI | C22: NAOUFAL | D22: 45897 | E22: C | F22: AWB | G22: 0610 | H22: 46017 | I22: 35000 | J22: PI
B23: STE SORAYASS : KAMAL DARAI | C23: NAOUFAL | D23: 45897 | E23: C | F23: AWB | G23: 0612 | H23: 46022 | I23: 35000 | J23: PI
B24: STE SORAYASS : KAMAL DARAI | C24: NAOUFAL | D24: 45897 | E24: C | F24: AWB | G24: 0609 | H24: 46031 | I24: 35000 | J24: PI
B25: STE SORAYASS | C25: NAOUFAL | D25: 45896 | E25: C | F25: BMCE | G25: 6155 | H25: 46048 | I25: 11423 | J25: PI : MNT INITIAL 56 250
B26: STE SORAYASS | C26: NAOUFAL | D26: 45896 | E26: C | F26: BMCE | G26: 6156 | H26: 46050 | I26: 56514.51 | J26: PI
B27: STE SORAYASS | C27: NAOUFAL | D27: 45896 | E27: T | F27: BMCE | G27: 7179 | H27: 46121 | I27: 56900 | J27: PI
B28: STE SORAYASS | C28: NAOUFAL | D28: 45933 | E28: T | F28: BMCE | G28: 7180 | H28: 46122 | I28: 56702.15 | J28: PI
B29: STE SORAYASS | C29: NAOUFAL | D29: 45933 | E29: T | F29: BMCE | G29: 7182 | H29: 46127 | I29: 48500 | J29: PI
... B33: STE SORAYASS | C33: NAOUFAL | D33: 45968 | E33: T | F33: BMCE | G33: 7268 | H33: 46150 | I33: 43000 | J33: PI
B34: STE SORAYASS | C34: NAOUFAL | D34: 45980 | E34: T | F34: BMCE | G34: 7271 | H34: 46155 | I34: 42100
B35: STE SORAYASS | C35: NAOUFAL | D35: 45980 | E35: T | F35: BMCE | G35: 7273 | H35: 46157 | I35: 41900 | J35: PI
B36: STE SORAYASS | C36: NAOUFAL | D36: 45980 | E36: T | F36: BMCE | G36: 7274 | H36: 46160 | I36: 41800 | J36: PI
B37: STE SORAYASS | C37: NAOUFAL | D37: 45980 | E37: T | F37: BMCE | G37: 7275 | H37: 46161 | I37: 42150 | J37: PI
B38: STE SORAYASS | C38: NAOUFAL | D38: 45980 | E38: T | F38: BMCE | G38: 7276 | H38: 46162 | I38: 42200 | J38: PI
B39: STE SORAYASS | C39: NAOUFAL | D39: 45996 | E39: T | F39: BMCE | G39: 7993 | H39: 46185 | I39: 37100 | J39: PI
B40: STE SORAYASS | C40: NAOUFAL | D40: 45996 | E40: T | F40: BMCE | G40: 7994 | H40: 46188 | I40: 37200 | J40: PI
B41: STE SORAYASS | C41: NAOUFAL | D41: 45996 | E41: T | F41: BMCE | G41: 7996 | H41: 46192 | I41: 37400 | J41: PI
B42: STE SORAYASS | C42: NAOUFAL | D42: 46062 | E42: T | F42: BMCE | G42: 7998 | H42: 46197 | I42: 39700 | J42: PI
B43: STE SORAYASS | C43: NAOUFAL | D43: 45996 | E43: T | F43: BMCE | G43: 7997 | H43: 46195 | I43: 37704.78 | J43: PI
B44: STE SORAYASS | C44: NAOUFAL | D44: 46062 | E44: T | F44: BMCE | G44: 8000 | H44: 46199 | I44: 39900 | J44: PI
B45: STE SORAYASS | C45: NAOUFAL | D45: 46062 | E45: T | F45: BMCE | G45: 8001 | H45: 46203 | I45: 39975.39 | J45: PI
B46: STE SORAYASS | C46: NAOUFAL | D46: 46062 | E46: T | F46: BMCE | G46: 8003 | H46: 46205 | I46: 40100 | J46: PI
B47: STE SORAYASS | C47: NAOUFAL | D47: 46062 | E47: T | F47: BMCE | G47: 8004 | H47: 46206 | I47: 40200 | J47: PI
B48: STE SORAYASS :TOTAL | I48: =SUM(I18:I47) -> 1429703.8
B49: DBAGH BEN MBARK : SAMAD ABDESLAM | C49: NAOUFAL | D49: 45650 | E49: C | F49: AWB | G49: 6206 | H49: 45670 | I49: 92640 | J49: PI MNT INITIAL 112 640
B50: TURKIYEM | C50: NAOUFAL | D50: 45672 | E50: C | F50: CIH | G50: 5621 | H50: 45828 | I50: 35975.77 | J50: CHEQUE ILLISIBLE
B51: HAMOUD BOIS | C51: NAOUFAL | D51: 45908 | E51: C | F51: CIH | G51: 0799 | H51: 46039 | I51: 54000 | J51: PI
B52: HAMOUD BOIS | C52: NAOUFAL | D52: 45742 | E52: C | F52: CIH | G52: 0666 | H52: 45945 | I52: 46842 | J52: SIGN NON CONFORME REP LE 19/01/26
B53: HAMOUD BOIS | C53: NAOUFAL | D53: 45946 | E53: C | F53: CIH | G53: 1046 | H53: 46069 | I53: 158000 | J53: PI
B54: HAMOUD BOIS | C54: NAOUFAL | D54: 45946 | E54: C | F54: CIH | G54: 1047 | H54: 46084 | I54: 158137 | J54: PI
B55: HAMOUD BOIS | C55: NAOUFAL | D55: 46015 | E55: C | F55: CIH | G55: 0979 | H55: 46139 | I55: 76000 | J55: PI
B56: HAMOUD BOIS | C56: NAOUFAL | D56: 45708 | E56: C | F56: CIH | G56: 0609 | H56: 46159 | I56: 78000 | J56: PI
B57: HAMOUD BOIS : TOTAL | I57: =SUM(I51:I56) -> 570979
B58: MY ARTISANS | C58: NAOUFAL | D58: 46262 | E58: C | F58: BMCE | G58: 3896 | H58: 46065 | I58: 41400 | J58: PI
B59: MY ARTISANS | C59: NAOUFAL | D59: 45881 | E59: C | F59: BMCE | G59: 0817 | H59: 46059 | I59: 4097.5 | J59: PI : MNT INITIAL 39 435
B60: MY ARTISANS | C60: NAOUFAL | D60: 45881 | E60: C | F60: BMCE | G60: 0818 | H60: 46062 | I60: 39440 | J60: PI
B61: MY ARTISANS | C61: NAOUFAL | D61: 45881 | E61: C | F61: BMCE | G61: 0819 | H61: 46063 | I61: 39450 | J61: PI
B62: MY ARTISANS | C62: NAOUFAL | D62: 45881 | E62: C | F62: BMCE | G62: 0820 | H62: 46064 | I62: 39484.52 | J62: PI
B63: MY ARTISANS | C63: NAOUFAL | D63: 45898 | E63: C | F63: BMCE | G63: 3897 | H63: 46069 | I63: 41600 | J63: PI
B64: MY ARTISANS | C64: NAOUFAL | D64: 45881 | E64: C | F64: BMCE | G64: 3900 | H64: 46073 | I64: 43400 | J64: PI
B65: MY ARTISANS | C65: NAOUFAL | D65: 45881 | E65: C | F65: BMCE | G65: 3902 | H65: 46078 | I65: 43300 | J65: PI
B66: MY ARTISANS | C66: NAOUFAL | D66: 45882 | E66: C | F66: BMCE | G66: 3904 | H66: 46080 | I66: 43189.48 | J66: PI
B67: MY ARTISANS | C67: NAOUFAL | D67: 45883 | E67: C | F67: BMCE | G67: 3937 | H67: 46083 | I67: 57700 | J67: PI
B68: MY ARTISANS | C68: NAOUFAL | D68: 45881 | E68: C | F68: BMCE | G68: 3903 | H68: 46079 | I68: 43500 | J68: PI
B69: MY ARTISANS | C69: NAOUFAL | D69: 45908 | E69: C | F69: BMCE | G69: 3938 | H69: 46085 | I69: 57724 | J69: PI
... B71: MY ARTISANS : ERRAHMANI IMMOBILIER | C71: NAOUFAL | D71: 45881 | E71: T | F71: BP | G71: 0004 | H71: 46157 | I71: 75287.5 | J71: PI MNT INITIAL 114 187,50
B72: MY ARTISANS : TOTAL | I72: =SUM(I58:I71) -> 626973
B73: AIT NASSER : STE AIT NASSER | C73: NAOUFAL | D73: 46010 | E73: T | F73: BMCE | G73: 7550 | H73: 46142 | I73: 99792 | J73: PI
B74: AIT NASSER : STE AIT NASSER | C74: NAOUFAL | D74: 7569 | E74: T | F74: BMCE | G74: 7569 | H74: 46172 | I74: 188616 | J74: PI
B75: AIT NASSER : STE AIT NASSER | C75: NAOUFAL | D75: 45954 | E75: T | F75: BMCE | G75: 7390 | H75: 46202 | I75: 23520 | J75: PI
B76: AIT NASSER : TOTAL | I76: =SUM(I73:I75) -> 311928
B77: AW DECOR | C77: NAOUFAL | D77: 45965 | E77: T | F77: CDM | G77: 3205 | H77: 46101 | I77: 50000 | J77: PI
B78: AW DECOR | C78: NAOUFAL | D78: 45995 | E78: T | F78: CDM | G78: 3215 | H78: 46136 | I78: 45000 | J78: PI
B79: AW DECOR | C79: NAOUFAL | D79: 46016 | E79: T | F79: CDM | G79: 3231 | H79: 46157 | I79: 50000 | J79: PI
B80: AW DECOR | C80: NAOUFAL | D80: 46045 | E80: T | F80: CDM | G80: 3233 | H80: 46164 | I80: 50000 | J80: PI
B81: AW DECOR | C81: NAOUFAL | D81: 46045 | E81: T | F81: CDM | G81: 3244 | H81: 46170 | I81: 30771.57 | J81: PI
B82: AW DECOR | C82: NAOUFAL | D82: 46045 | E82: T | F82: CDM | G82: 3234 | H82: 46175 | I82: 50000 | J82: PI
B83: AW DECOR | C83: NAOUFAL | D83: 46045 | E83: T | F83: CDM | G83: 3235 | H83: 46178 | I83: 50000 | J83: PI
B84: AW DECOR | C84: NAOUFAL | D84: 46038 | E84: T | F84: CDM | G84: 3237 | H84: 46185 | I84: 50000 | J84: PI
B85: AW DECOR | C85: NAOUFAL | D85: 46049 | E85: T | F85: CDM | G85: 3238 | H85: 46189 | I85: 50000 | J85: PI
B86: AW DECOR | C86: NAOUFAL | D86: 46049 | E86: T | F86: CDM | G86: 3239 | H86: 46192 | I86: 50000 | J86: PI
B87: AW DECOR | C87: NAOUFAL | D87: 45954 | E87: T | F87: CDM | G87: 3201 | H87: 46087 | I87: 50000 | J87: PI REP LE 19/026
B88: AW DECOR | C88: NAOUFAL | D88: 45982 | E88: T | F88: CDM | G88: 3207 | H88: 46108 | I88: 50000 | J88: PI REP LE 26/06/26
... B91: AW DECOR | C91: NAOUFAL | D91: 46073 | E91: T | F91: CDM | G91: 3247 | H91: 46224 | I91: 50000 | J91: PI
B92: AW DECOR : TOTAL | I92: =SUM(I77:I91) -> 725771.57
B93: NOUIDRA BOIS | C93: NAOUFAL | D93: 46225 | E93: T | F93: BP | G93: 0248 | H93: 46225 | I93: 15187 | J93: PI
D97: TOTAL IMPAYES NAOUFAL | I97: =I7++I14+I17+I48+I49+I50+I57+I72+I76+I92+I93 -> 4261045.5
D100: TOTAL IMPAYES NAOUFAL AU 24/07/2026 | I100: 4245858.5 | J100: =($I$97-I100)/I100 -> 0.0035768973
D101: TOTAL IMPAYES NAOUFAL AU 17/07/2026 | I101: 4234758.5 | J101: =($I$97-I101)/I101 -> 0.0062074377
D102: TOTAL IMPAYES NAOUFAL AU 10/07/2026 | I102: 4314258.5 | J102: =($I$97-I102)/I102 -> -0.012334217
D104: : Nouvel Impayé
D107: 45449 | E107: 833139.58
D108: 45456 | E108: 715284
D109: 45463 | E109: 847444
D110: 45470 | E110: 939524
D111: 45477 | E111: 805124
D112: 45484 | E112: 892744
D113: 45491 | E113: 1036344
D114: 45498 | E114: 858044
D115: 45505 | E115: 1017427.8
D116: 45512 | E116: 974274.39
D117: 45519 | E117: 1012702.7
...

Sheet FAHD
D3: LISTE DES IMPAYES FAHD AU 31/07/2026
B6: NOM CLIENT | C6: COM | D6: Dte Facture | E6: M | F6: Bqe | G6: N° | H6: Échéance | I6: Montant | J6: Commentaire
B7: AIT HAMOU ABDELLATIF : AIT HAMMOU MED | C7: FAHD | D7: 44616 | E7: C | F7: CDM | G7: 3126 | H7: 44635 | I7: 35000 | J7: PI
B8: HAJAR BOIS : REBEL CONSTRUCTION | C8: FAHD | D8: 45735 | E8: T | F8: BMCE | G8: 7936 | H8: 45828 | I8: 16812.5 | J8: PI MNT INITIAL 33 625
B9: HAJAR BOIS : MY BELLA BATIMENT | C9: FAHD | D9: 45735 | E9: T | F9: BMCE | G9: 4939 | H9: 45868 | I9: 48 | J9: PI MNT INITIAL 16 000
B10: HAJAR BOIS | C10: FAHD | D10: 45796 | E10: T | F10: AWB | G10: 5528 | H10: 46016 | I10: 95000 | J10: PI
B11: HAJAR BOIS | C11: FAHD | D11: 45786 | E11: T | F11: AWB | G11: 5527 | H11: 46011 | I11: 85000 | J11: PI
B12: HAJAR BOIS | C12: FAHD | D12: 45833 | E12: T | F12: AWB | G12: 5543 | H12: 46022 | I12: 80419.2 | J12: PI
B13: HAJAR BOIS | C13: FAHD | D13: 45833 | E13: T | F13: AWB | G13: 5544 | H13: 46032 | I13: 90000 | J13: PI
B14: HAJAR BOIS : MED ABJAOU | C14: FAHD | D14: 45911 | E14: T | F14: BMCE | G14: 9474 | H14: 46111 | I14: 7600 | J14: PI
B15: HAJAR BOIS : MED ABJAOU | C15: FAHD | D15: 45911 | E15: T | F15: BMCE | G15: 2414 | H15: 46111 | I15: 20000 | J15: PI
B16: HAJAR BOIS : LINA WOOD | C16: FAHD | D16: 45944 | E16: T | F16: BP | G16: 0038 | H16: 46122 | I16: 123617.62 | J16: PI
B17: HAJAR BOIS : MED ABJAOU | C17: FAHD | D17: 45959 | E17: T | F17: BMCE | G17: 9479 | H17: 46142 | I17: 10000 | J17: PI
B18: HAJAR BOIS : MED ABJAOU | C18: FAHD | D18: 45841 | E18: T | F18: BMCE | G18: 2411 | H18: 46142 | I18: 15000 | J18: PI
... B22: HAJAR BOIS : LINA WOOD | C22: FAHD | D22: 45959 | E22: T | F22: BP | G22: 0028 | H22: 46063 | I22: 105728.81 | J22: PI REP LE 15/05/26
B23: HAJAR BOIS : MED ABJAOU | C23: FAHD | D23: 45845 | E23: T | F23: BMCE | G23: 2438 | H23: 46172 | I23: 35000
B24: HAJAR BOIS : MED ABJAOU | C24: FAHD | D24: 45989 | E24: T | F24: BMCE | G24: 2442 | H24: 46172 | I24: 20000
B25: HAJAR BOIS : TOTAL | I25: =SUM(I8:I24) -> 902985.64
B26: BADOUR GHA SERVICE | C26: FAHD | D26: 45104 | E26: C | F26: CIH | G26: 6833 | H26: 45131 | I26: 2089.92 | J26: PI REP LE 04/03/24
B27: AL AIN AMEUBLEMENT | C27: FAHD | D27: 45519 | E27: T | F27: CDM | G27: 7636 | H27: 45642 | I27: 4949.78 | J27: PI: MNT INITIAL 40 000
B28: AL AIN AMEUBLEMENT | C28: FAHD | D28: 45523 | E28: T | F28: CDM | G28: 7635 | H28: 45656 | I28: 32813.73 | J28: PI
B29: AL AIN AMEUBLEMENT : TOTAL | I29: =SUM(I27:I28) -> 37763.51
B30: KAFIF LARBI | C30: FAHD | D30: 45259 | E30: C | F30: BMCE | G30: 1027 | H30: 45290 | I30: 15280 | J30: PI : REP LE 29/11/24-16/12/24 : 55 280
B31: STE AGA FERME | C31: FAHD | D31: 45980 | E31: T | F31: SG | G31: 4563 | H31: 46069 | I31: 24687.55 | J31: PI
B32: STE AGA FERME | C32: FAHD | D32: 45980 | E32: T | F32: SG | G32: 4560 | H32: 46076 | I32: 24685 | J32: PI
B33: STE AGA FERME | C33: FAHD | D33: 46017 | E33: T | F33: SG | G33: 4648 | H33: 46167 | I33: 18023 | J33: PI
B34: STE AGA FERME | C34: FAHD | D34: 46031 | E34: T | F34: SG | G34: 4647 | H34: 46182 | I34: 18023 | J34: PI
B35: STE AGA FERME | C35: FAHD | D35: 46031 | E35: T | F35: SG | G35: 4644 | H35: 46189 | I35: 18023 | J35: PI
B36: STE AGA FERME | C36: FAHD | D36: 46031 | E36: T | F36: SG | G36: 4643 | H36: 46192 | I36: 18023 | J36: PI
B37: STE AGA FERME | C37: FAHD | D37: 46055 | E37: T | F37: SG | G37: 4639 | H37: 46196 | I37: 18023 | J37: PI
B38: STE AGA FERME | C38: FAHD | D38: 46071 | E38: T | F38: SG | G38: 4638 | H38: 46199 | I38: 18023 | J38: PI
B39: STE AGA FERME | C39: FAHD | D39: 46095 | E39: T | F39: SG | G39: 4635 | H39: 46210 | I39: 18028.36 | J39: PI
B40: STE AGA FERME : TOTAL | I40: =SUM(I31:I39) -> 175538.91
B41: FREMBAL | C41: FAHD | D41: 45628 | E41: C | F41: AWB | G41: 4059 | H41: 45880 | I41: 20000 | J41: PI : REP LE 09/01/26
B42: FREMBAL | C42: FAHD | D42: 45923 | E42: C | F42: AWB | G42: 5525 | H42: 46112 | I42: 36115.4 | J42: PI
B43: FREMBAL : TOTAL | I43: =SUM(I41:I42) -> 56115.4
B44: STE ELUXE BTP | C44: FAHD | D44: 45852 | E44: C | F44: CAM | G44: 4299 | H44: 46056 | I44: 106757.73 | J44: PI
B45: STE ELUXE BTP | C45: FAHD | D45: 45913 | E45: C | F45: CAM | G45: 4290 | H45: 46064 | I45: 185563.8
B46: STE ELUXE BTP : TOTAL | I46: =SUM(I44:I45) -> 292321.53
B47: STE LINA WOOD | C47: FAHD | D47: 45933 | E47: T | F47: BP | G47: 0046 | H47: 46101 | I47: 114061.24 | J47: PI
B48: STE LINA WOOD | C48: FAHD | D48: 45960 | E48: T | F48: BP | G48: 0047 | H48: 46111 | I48: 130000 | J48: PI
B49: STE LINA WOOD | C49: FAHD | D49: 45944 | E49: T | F49: BP | G49: 0039 | H49: 46132 | I49: 120317.82 | J49: PI
B50: STE LINA WOOD | C50: FAHD | D50: 45992 | E50: T | F50: BP | G50: 0122 | H50: 46162 | I50: 60725.15 | J50: PI
B51: STE LINA WOOD : TOTAL | I51: =SUM(I47:I50) -> 425104.21 | J51: PI
B52: EL HERD EL HASSAN : EL HERD TRVX DE CONSTR | C52: FAHD | D52: 45940 | E52: T | F52: BP | G52: 0011 | H52: 46081 | I52: 23249.61 | J52: PI
B53: EL HERD EL HASSAN : EL HERD TRVX DE CONSTR | C53: FAHD | D53: 45940 | E53: T | F53: BP | G53: 0014 | H53: 46142 | I53: 23249.61 | J53: Piµ
B54: EL HERD EL HASSAN : EL HERD TRVX DE CONSTR | C54: FAHD | D54: 46002 | E54: T | F54: BP | G54: 021 | H54: 46172 | I54: 21050 | J54: PI
B55: EL HERD EL HASSAN : EL HERD TRVX DE CONSTR | C55: FAHD | D55: 46002 | E55: T | F55: BP | G55: 022 | H55: 46203 | I55: 21050 | J55: PI
B56: EL HERD EL HASSAN : TOTAL | I56: =SUM(I52:I55) -> 88599.22
B57: AZIDR BOIS | C57: FAHD | D57: 46129 | E57: T | F57: CAM | G57: 3215 | H57: 46210 | I57: 59022.62 | J57: PI
B58: AZIDR BOIS | C58: FAHD | D58: 46129 | E58: T | F58: CAM | G58: 3221 | H58: 46227 | I58: 45570 | J58: PI
B59: AZIDR BOIS : TOTAL | I59: =SUM(I57:I58) -> 104592.62
D64: TOTAL IMPAYES FAHD | I64: =I7+I25+I26+I30+I29+I40+I43+I46+I51+I56+I59 -> 2135391
D66: TOTAL IMPAYES FAHD AU 24/07/2026 | I66: 2160076 | J66: =($I$64-I66)/I66 -> -0.011427839
D67: TOTAL IMPAYES FAHD AU 17/07/2026 | I67: 2269002.1 | J67: =($I$64-I67)/I67 -> -0.058885411
D68: TOTAL IMPAYES FAHD AU 10/07/2026 | I68: 2199451.1 | J68: =($I$64-I68)/I68 -> -0.029125512
D71: : Nouvel Impayé
E73: TOTAL IMPAYES FAHD
D74: 45456 | E74: 549022.52
D75: 45463 | E75: 591883.18
D76: 45470 | E76: 637762.93
D77: 45477 | E77: 633803.24
D78: 45484 | E78: 768157.94
D79: 45491 | E79: 669842
D80: 45498 | E80: 669842
D81: 45505 | E81: 553561.28
D82: 45512 | E82: 633635.17
D83: 45519 | E83: 564161.28
D84: 45547 | E84: 646322.93
D85: 45554 | E85: 551242.21
... D164: 46234 | E164: 2135391

Sheet GII
C3: LISTE DES IMPAYES GII AU 31/07/26
A6: NOM CLIENT | B6: COM | C6: Dte Facture | D6: M | E6: Bqe | F6: N° | G6: Échéance | H6: Montant | I6: Commentaire
A7: MERIE ADEBO : DABACH | B7: GII | C7: 40565 | D7: C | E7: AWB | F7: 2134 | G7: 40846 | H7: 11634.84 | I7: PI: Montant initial 67 176
A8: EL BIAD KHALID | B8: GII | C8: 40231 | D8: T | E8: BMCE | F8: 2733 | G8: 40877 | H8: 500 | I8: PI: Montant initial 4 135,14 : M.BOUYA
A9: STE FASK BOIS | B9: GII | C9: 40929 | D9: T | E9: BP | F9: 5371 | G9: 41039 | H9: 49028.08 | I9: PI MNT INITIAL 156 200
A10: STE FASK BOIS | B10: GII | C10: 40929 | D10: T | E10: BP | F10: 5369 | G10: 41151 | H10: 156054.83 | I10: PI
A11: STE FASK BOIS | B11: GII | C11: 40971 | D11: T | E11: BP | F11: 5373 | G11: 41162 | H11: 81000 | I11: PI
A12: STE FASK BOIS | B12: GII | C12: 40971 | D12: T | E12: BP | F12: 5374 | G12: 41172 | H12: 81100 | I12: PI
A13: STE FASK BOIS | B13: GII | C13: 40981 | D13: T | E13: BP | F13: 5375 | G13: 41182 | H13: 81050 | I13: PI
A14: STE FASK BOIS | B14: GII | C14: 40981 | D14: T | E14: BP | F14: 5376 | G14: 41192 | H14: 81200 | I14: PI
A15: STE FASK BOIS | B15: GII | C15: 41017 | D15: T | E15: BP | F15: 5377 | G15: 41202 | H15: 81400 | I15: PI
A16: STE FASK BOIS | B16: GII | C16: 41017 | D16: T | E16: BP | F16: 5378 | G16: 41213 | H16: 81300 | I16: PI
A17: STE FASK BOIS | B17: GII | C17: 41017 | D17: T | E17: BP | F17: 5380 | G17: 41223 | H17: 81500 | I17: PI
A18: STE FASK BOIS | B18: GII | C18: 41036 | D18: T | E18: BP | F18: 5382 | G18: 41233 | H18: 81060 | I18: PI
A19: STE FASK BOIS | B19: GII | C19: 41083 | D19: T | E19: BP | F19: 5381 | G19: 41243 | H19: 79712.79 | I19: PI
A20: STE FASK BOIS | B20: GII | C20: 41129 | D20: T | E20: BP | F20: 7771 | G20: 41375 | H20: 165543.13 | I20: PI : remis à la bq le 20/01/14
A21: STE FASK BOIS | B21: GII | C21: 41201 | D21: T | E21: BP | F21: 7772 | G21: 41379 | H21: 234058.03 | I21: PI : remis à la bq le 20/01/14
A22: STE FASK BOIS : TOTAL | H22: =SUM(H9:H21) -> 1334006.9
A23: EVA CUISINE | B23: GII | C23: 43158 | D23: T | E23: BP | F23: 9864 | G23: 43342 | H23: 5000 | I23: PI: Versé le 08/05/19
A24: EVA CUISINE | B24: GII | C24: 43167 | D24: T | E24: BP | F24: 9866 | G24: 43373 | H24: 5000 | I24: PI: Versé le 08/05/19
A25: EVA CUISINE | B25: GII | C25: 43167 | D25: T | E25: BP | F25: 9865 | G25: 43358 | H25: 5000 | I25: PI: Versé le 08/05/19
A26: EVA CUISINE : TOTAL | H26: =SUM(H23:H25) -> 15000
A27: MERIE ABOUELAOULA:BENHLAL SMAIL | B27: GII | C27: 43820 | D27: C | E27: CDM | F27: 6477 | G27: 44502 | H27: 26348.89 | I27: PI : Montant cheque versé 135 802,04
A28: STE DECOMARK | B28: GII | C28: 43227 | D28: C | E28: BMCE | F28: 1844 | G28: 43845 | H28: 813.7 | I28: PI
A29: MOBASSM TRAVAUX | B29: GII | C29: 43484 | D29: T | E29: CAM | F29: 2681 | G29: 43905 | H29: 4567.99 | I29: PI: Montant initial 8 567,99
A30: TARGA BOIS | B30: GII | C30: 43383 | D30: T | E30: CAM | F30: 4958 | G30: 44134 | H30: 10000 | I30: PI
A31: TARGA BOIS | B31: GII | C31: 43383 | D31: T | E31: CAM | F31: 4960 | G31: 44104 | H31: 5570 | I31: PI : REP LE 09/11/20
A32: TARGA BOIS | B32: GII | C32: 43383 | D32: T | E32: CAM | F32: 4959 | G32: 44165 | H32: 10000 | I32: PI
A33: TARGA BOIS : TOTAL | H33: =SUM(H30:H32) -> 25570
A34: LACHGAR ABDERRAZAK | B34: GII | C34: 44721 | D34: C | E34: AWB | F34: 4558 | G34: 44726 | H34: 2277 | I34: PI : REP LE 04/07/22 MNT INITIAL 2777
A35: STE NOUVELLE CONSTRADINE | B35: GII | C35: 44471 | D35: T | E35: BP | F35: 3831 | G35: 44767 | H35: 14461.5 | I35: PI : MNT INITIAL 143406
A36: DIGINET COMPUTER : BADR HANGA | B36: GII | C36: 44526 | D36: T | E36: AWB | F36: 2485 | G36: 45519 | H36: 2567.54 | I36: PI MNT INITIAL 3000
A37: DIGINET COMPUTER : BADR HANGA | B37: GII | C37: 44526 | D37: T | E37: AWB | F37: 2486 | G37: 45550 | H37: 3000 | I37: PI
A38: DIGINET COMPUTER : BADR HANGA | B38: GII | C38: 44526 | D38: T | E38: AWB | F38: 2487 | G38: 45580 | H38: 3000 | I38: PI
A39: DIGINET COMPUTER : TOTAL | H39: =SUM(H36:H38) -> 8567.54
A40: STE AOUTA LUM | B40: GII | C40: 44921 | D40: C | E40: CDM | F40: 1567 | G40: 44942 | H40: 1700 | I40: PI : VAC
A41: MUSTAPHA MOUDNIB | B41: GII | C41: 44812 | D41: C | E41: BMCE | F41: 1535 | G41: 44985 | H41: 14120 | I41: PI MNT INITIAL 64 120
A42: STE IDEA HOUSE | B42: GII | C42: 45071 | D42: T | E42: AWB | F42: 1485 | G42: 45117 | H42: 969 | I42: PI MNT INITIAL 7169
A43: AMCHAHRO ABDELLAH | B43: GII | C43: 45164 | D43: C | E43: AWB | F43: 8890 | G43: 45376 | H43: 5000 | I43: PI MNT INITIAL 7000
A44: AMCHAHRO ABDELLAH | B44: GII | C44: 45209 | D44: C | E44: AWB | F44: 8891 | G44: 45407 | H44: 7000 | I44: PI
A45: AMCHAHRO ABDELLAH : TOTAL | H45: =SUM(H43:H44) -> 12000
A46: ARCADES NEGOCE : VAC | B46: GII | C46: 45727 | D46: C | E46: CAM | F46: 4485 | G46: 45777 | H46: 3200 | I46: PI
A47: ARCADES NEGOCE : VAC | B47: GII | C47: 45727 | D47: C | E47: CAM | F47: 4486 | G47: 45808 | H47: 3452.8 | I47: PI
A48: ARCADES NEGOCE : VAC | B48: GII | C48: 45727 | D48: C | E48: CAM | F48: 4488 | G48: 45838 | H48: 3000 | I48: PI
A49: ARCADES NEGOCE : VAC | B49: GII | C49: AVANCE | D49: C | E49: CAM | F49: 4489 | G49: 45899 | H49: 4611.2 | I49: PI
A50: ARCADES NEGOCE : TOTAL | H50: =SUM(H46:H49) -> 14264
A51: EQUIPEMENT BTP : VAC | B51: GII | C51: 45792 | D51: C | E51: BMCI | F51: 2467 | G51: 45838 | H51: 14473 | I51: PI
A52: MERIE LAKHDIRI : ULTRA VUSUAL | B52: GII | C52: 45867 | D52: T | E52: AWB | F52: 8828 | G52: 46032 | H52: 45714.47 | I52: PI
A53: MERIE LAKHDIRI : TOTAL | H53: =SUM(H52:H52) -> 45714.47
A54: AIT HAMOU LARBI: VAC | B54: GII | C54: 45853 | D54: C | E54: BP | F54: 800042 | G54: 45868 | H54: 3325 | I54: PI
A55: AIT HAMOU LARBI: VAC | B55: GII | C55: 45869 | D55: C | E55: BP | F55: 800043 | G55: 45889 | H55: 3825
A56: AIT HAMOU LARBI: VAC | B56: GII | C56: 45869 | D56: C | E56: BP | F56: 800044 | G56: 45905 | H56: 3825 | I56: PI
A57: AIT HAMOU LARBI VAC : TOTAL | H57: =SUM(H54:H56) -> 10975
A58: BOUHTITCH: AIT OUMASSINE MED | B58: GII | C58: 45653 | D58: T | E58: BP | F58: 1195 | G58: 45915 | H58: 5000 | I58: PI
A59: BOUHTITCH: LAOUANE AMINE | B59: GII | C59: 45662 | D59: C | E59: BP | F59: 9 | G59: 46042 | H59: 20000 | I59: PI MNT INITIAL 50 000
A60: BOUHTITCH: TOTAL | H60: =SUM(H58:H59) -> 25000
A61: SUSAN MERIE | B61: GII | C61: 45849 | D61: T | E61: AWB | F61: 561 | G61: 45966 | H61: 137150 | I61: PI
A62: HAMID ZAKARIA: STE EDD FISH | B62: GII | C62: 45834 | D62: T | E62: BK AL AKHDAR | F62: 9018 | G62: 45991 | H62: 13700 | I62: PI
A63: HAMID ZAKARIA: BOUAISSA LAHOUCINE | B63: GII | C63: 45916 | D63: T | E63: BP | F63: 133 | G63: 46162 | H63: 10000 | I63: PI COUVERTURE
A64: HAMID ZAKARIA: TOTAL | H64: =SUM(H62:H63) -> 23700
A65: OUBELLA ABDELLAH | B65: GII | C65: 45761 | D65: T | E65: AWB | F65: 1064 | G65: 46006 | H65: 10000 | I65: PI MNT INITIAL 30 000
A66: AGA SERVICE | B66: GII | C66: 45859 | D66: T | E66: AWB | F66: 5388 | G66: 46011 | H66: 18715.79 | I66: PI
A67: AGA SERVICE | B67: GII | C67: 45987 | D67: T | E67: AWB | F67: 5954 | G67: 46142 | H67: 21119.34 | I67: PI
A68: AGA SERVICE : TOTAL | H68: =SUM(H66:H67) -> 39835.13
A69: ABDELHADI KHALIFA | B69: GII | C69: 45849 | D69: C | E69: CIH | F69: 7250 | G69: 46042 | H69: 36695 | I69: PI MNT INITIAL 76 695
A70: BENHLAL ABDEL ILAH | B70: GII | C70: JAN-JUIN/2023 | D70: C | E70: BP | F70: 4169 | G70: 45285 | H70: 4995 | I70: PI MNT INITIAL 631 620,80
A71: MERIE BENHLAL : BENHLAL AYOUB | B71: GII | C71: 45070 | D71: C | E71: AWB | F71: 6839 | G71: 46204 | H71: 10540
A72: MERIE BENHLAL : BENHLAL AYOUB | B72: GII | C72: 45070 | D72: C | E72: AWB | F72: 9535 | G72: 46204 | H72: 110540
A73: MERIE BENHLAL : TOTAL | H73: =SUM(H70:H72) -> 126075
A74: LAMSA MERIE | B74: GII | C74: 46084 | D74: C | E74: CIH | F74: 7951 | G74: 46218 | H74: 4634.38 | I74: SIGNATURE NON CONFORME
A75: LAMSA MERIE :TOTAL | H75: =SUM(H74:H74) -> 4634.38
A76: EXCELLENCE CUISINE | B76: GII | C76: 46064 | D76: C | E76: BP | F76: 168 | G76: 46220 | H76: 11250 | I76: PI
C79: TOTAL IMPAYES GII | H79: =H7+H8+H22+H26+H28+H29+H33+H27+H34+H35+H39+H40+H41+H42+H45+H50+H51+H53+H57+H60+H61+H64+H65+H68+H69+H73+H75+H76 -> 1972303.3
C82: Total Impayés GII au 24/07/2025 | H82: 2020799.1 | I82: =+($H$79-H82)/H82 -> -0.023998304
C83: Total Impayés GII au 17/07/2026 | H83: 2008457.9 | I83: =+($H$79-H83)/H83 -> -0.018001174
C84: Total Impayés GII au 10/07/2026 | H84: 2008457.9 | I84: =+($H$79-H84)/H84 -> -0.018001174
C86: : Nouvel Impayé
D89: TOTAL IMPAYES GII
C90: 45470 | D90: 2457097.7
C91: 45477 | D91: 2463297.7
C92: 45484 | D92: 2459830.3
C93: 45491 | D93: 2512680.3
C94: 45498 | D94: 2522680.3
C95: 45505 | D95: 2420830.3
C96: 45512 | D96: 2468456.9
C97: 45519 | D97: 2436761.9
C98: 45547 | D98: 2496452.3
C99: 45554 | D99: 2446452.3
C100: 45561 | D100: 2451747.3
C101: 45568 | D101: 2451747.3
... C178: 46234 | D178: 1972303.3

Sheet LAHCEN
D3: LISTE DES IMPAYES LAHCEN AU 31/07/2026
B6: NOM CLIENT | C6: COM | D6: Dte Facture | E6: M | F6: Bqe | G6: N° | H6: Échéance | I6: Montant | J6: Commentaire
B7: STE ZEGHDANI MULTISCES | C7: LAHCEN | D7: 45975 | E7: T | F7: AWB | G7: 7056 | H7: 46111 | I7: 99737.3 | J7: PI MNT INITIAL 102 795,30
B8: STE ZEGHDANI MULTISCES : TOTAL | I8: =SUM(I7:I7) -> 99737.3
B9: ALTIT BOIS : RISSIELKA ALUMINIUM | C9: LAHCEN | D9: 46249 | E9: T | F9: AWB | G9: 6962 | H9: 46076 | I9: 5000 | J9: PI
B10: ALTIT BOIS : TOTAL | I10: =SUM(I9:I9) -> 5000
B11: BELAADIM AHMED SIDI BIBO : RACHID IHIHI | C11: LAHCEN | D11: 45866 | E11: C | F11: AWB | G11: 1834 | H11: 46112 | I11: 17900 | J11: PI
B12: BELAADIM AHMED SIDI BIBO : RACHID IHIHI | C12: LAHCEN | D12: 45866 | E12: C | F12: AWB | G12: 1833 | H12: 46142 | I12: 17800 | J12: PI
B13: BELAADIM AHMED SIDI BIBO : RACHID IHIHI | C13: LAHCEN | D13: 45866 | E13: C | F13: AWB | G13: 1835 | H13: 46174 | I13: 17800 | J13: PI
B14: BELAADIM AHMED SIDI BIBO : TOTAL | I14: =SUM(I11:I13) -> 53500
D16: TOTAL IMPAYES LAHCEN | I16: =I8+I10+I14 -> 158237.3
D19: TOTAL IMPAYES LAHCEN AU 24/07/2026 | I19: 158237.3 | J19: =+($I$16-I19)/I19 -> 0
D20: TOTAL IMPAYES LAHCEN AU 17/07/2026 | I20: 158237.3 | J20: =+($I$16-I20)/I20 -> 0
D21: TOTAL IMPAYES LAHCEN AU 10/07/2026 | I21: 247037.3 | J21: =+($I$16-I21)/I21 -> -0.35945989
C25: : Nouvel Impayé
C27: 45827 | D27: 128900
C28: 45842 | D28: 138780
C29: 45848 | D29: 197753
C30: 45856 | D30: 352988.52
C31: 45863 | D31: 437988.52
C32: 45880 | D32: 520602.79
C33: 45891 | D33: 520602.79
C34: 45919 | D34: 592007.79
C35: 45925 | D35: 512325.27
C36: 45933 | D36: 448772.27
C37: 45940 | D37: 394772.27
C38: 45947 | D38: 334085.27
... C69: 46234 | D69: 158237.3

Sheet RACHID
D3: LISTE DES IMPAYES RACHID AU 31/07/2026
B6: NOM CLIENT | C6: COM | D6: Dte Facture | E6: M | F6: Bqe | G6: N° | H6: Échéance | I6: Montant | J6: Commentaire
B7: NACIRI MED : STE WOOD RAIS SCE | C7: RACHID | D7: 45712 | E7: T | F7: CAM | G7: 4180 | H7: 45755 | I7: 6500 | J7: PI
B8: NACIRI MED : STE PRO TRAV CONSTR | C8: RACHID | D8: 45776 | E8: T | F8: AWB | G8: 1041 | H8: 45848 | I8: 5000 | J8: SIGNATURE NON CONFORME
B9: NACIRI MED : TOTAL | I9: =SUM(I7:I8) -> 11500
B10: JUMATIK IMMOBILIER | C10: RACHID | D10: 45254 | E10: C | F10: AWB | G10: 5644 | H10: 45337 | I10: 141288 | J10: PI
B11: JUMATIK IMMOBILIER | C11: RACHID | D11: 45245 | E11: C | F11: AWB | G11: 5629 | H11: 45332 | I11: 136416 | J11: PI
B12: JUMATIK IMMOBILIER | C12: RACHID | D12: 45258 | E12: C | F12: AWB | G12: 5675 | H12: 45355 | I12: 93528 | J12: PI
B13: JUMATIK IMMOBILIER : TOTAL | I13: =SUM(I10:I12) -> 371232
B14: JS BOIS | C14: RACHID | D14: 45306 | E14: C | F14: AWB | G14: 5800 | H14: 45391 | I14: 30000 | J14: PI
B15: JS BOIS | C15: RACHID | D15: 45306 | E15: C | F15: AWB | G15: 5798 | H15: 45393 | I15: 30000 | J15: PI
B16: JS BOIS | C16: RACHID | D16: 45306 | E16: C | F16: AWB | G16: 5797 | H16: 45398 | I16: 30000 | J16: PI
B17: JS BOIS | C17: RACHID | D17: 45337 | E17: C | F17: AWB | G17: 9832 | H17: 45420 | I17: 50000 | J17: PI
B18: JS BOIS | C18: RACHID | D18: 45371 | E18: C | F18: AWB | G18: 9834 | H18: 45427 | I18: 50000 | J18: PI
B19: JS BOIS | C19: RACHID | D19: 45377 | E19: C | F19: AWB | G19: 9831 | H19: 45434 | I19: 50000 | J19: PI
B20: JS BOIS | C20: RACHID | D20: 45325 | E20: C | F20: AWB | G20: 9833 | H20: 45434 | I20: 50000 | J20: PI
B21: JS BOIS | C21: RACHID | D21: 45309 | E21: C | F21: AWB | G21: 9813 | H21: 45434 | I21: 140000 | J21: PI
B22: JS BOIS | C22: RACHID | D22: 45325 | E22: C | F22: AWB | G22: 9835 | H22: 45434 | I22: 67277.39 | J22: PI
B23: JS BOIS : TOTAL | I23: =SUM(I14:I22) -> 497277.39
B24: ZEKNOUN RACHID : LAABIDI | C24: RACHID | D24: AVANCE | E24: C | F24: BP | G24: 0067 | H24: 46068 | I24: 24500 | J24: PI MNT INITIAL 43 000
B25: ZEKNOUN RACHID : GUESSMI BRAHIM | C25: RACHID | D25: 45945 | E25: T | F25: AWB | G25: 9549 | H25: 46101 | I25: 20700 | J25: PI
B26: ZEKNOUN RACHID : IKHLAS DECOR | C26: RACHID | D26: 45972 | E26: C | F26: SAHAM BK | G26: 4953 | H26: 46122 | I26: 21089 | J26: PI
B27: ZEKNOUN RACHID : TOTAL | I27: =SUM(I24:I26) -> 66289
B28: ABOU BAKR KHABA : MAQAM CONCEPT | C28: RACHID | D28: 45539 | E28: C | F28: AWB | G28: 2437 | H28: 45656 | I28: 25000 | J28: PI
B29: ABOU BAKR KHABBA : MOATAZ BOIS | C29: RACHID | D29: 45664 | E29: C | F29: AWB | G29: 2261 | H29: 45723 | I29: 8200 | J29: PI REP LE 10/07/25
B30: ABOU BAKR KHABA : TOTAL | I30: =SUM(I28:I29) -> 33200
B31: BURMOS : STE SEUQE TRAV | C31: RACHID | D31: 45888 | E31: C | F31: CAM | G31: 5516 | H31: 45989 | I31: 40700 | J31: PI REP LE 09/12/25
B32: TABI BOIS: WAHAB CHAIMAA | C32: RACHID | D32: 45623 | E32: C | F32: AWB | G32: 4945 | H32: 46041 | I32: 40000
B33: TABI BOIS: WAHAB CHAIMAA | C33: RACHID | D33: 45623 | E33: C | F33: AWB | G33: 4946 | H33: 46041 | I33: 40000
B34: TABI BOIS: WAHAB CHAIMAA | C34: RACHID | D34: 45623 | E34: C | F34: AWB | G34: 4947 | H34: 46041 | I34: 40000
B35: TABI BOIS: WAHAB CHAIMAA | C35: RACHID | D35: 45623 | E35: C | F35: AWB | G35: 4948 | H35: 46041 | I35: 40000
B36: TABI BOIS: WAHAB CHAIMAA | C36: RACHID | D36: 45623 | E36: C | F36: AWB | G36: 4949 | H36: 46041 | I36: 40000
B37: TABI BOIS: TOTAL | I37: =SUM(I32:I36) -> 200000
B38: BOUGDOUR WOOD : BOUGDOUR TIMBRE | C38: RACHID | D38: 45952 | E38: C | F38: AWB | G38: 7206 | H38: 46063 | I38: 11664 | J38: PI REP LE 30/04/26 MNT INITIAL 76 664
B39: BOUGDOUR WOOD | C39: RACHID | D39: 45903 | E39: T | F39: AWB | G39: 3047 | H39: 46154 | I39: 35000 | J39: PI
B40: BOUGDOUR WOOD | C40: RACHID | D40: 45903 | E40: T | F40: AWB | G40: 3048 | H40: 46161 | I40: 36000 | J40: PI
B41: BOUGDOUR WOOD | C41: RACHID | D41: 45903 | E41: T | F41: AWB | G41: 3049 | H41: 46182 | I41: 36000 | J41: PI
B42: BOUGDOUR WOOD | C42: RACHID | D42: 45903 | E42: T | F42: AWB | G42: 3050 | H42: 46189 | I42: 36500 | J42: PI
B43: BOUGDOUR WOOD | C43: RACHID | D43: 45903 | E43: T | F43: AWB | G43: 3052 | H43: 46203 | I43: 37000 | J43: PI
B44: BOUGDOUR WOOD | C44: RACHID | D44: 45903 | E44: T | F44: AWB | G44: 3053 | H44: 46210 | I44: 37000 | J44: PI
B45: BOUGDOUR WOOD | C45: RACHID | D45: 45903 | E45: T | F45: AWB | G45: 3054 | H45: 46217 | I45: 59315.75 | J45: PI
B46: BOUGDOUR WOOD : TOTAL | I46: =SUM(I38:I45) -> 288479.75
D54: TOTAL IMPAYES RACHID | I54: =I13+I23+I9+I27+I30+I31+I37+I46 -> 1508678.1
D57: TOTAL IMPAYES RACHID AU 24/07/2026 | I57: 1479362.4 | J57: =($I$54-I57)/I57 -> 0.019816476
D58: TOTAL IMPAYES RACHID AU 17/07/2026 | I58: 1479362.4 | J58: =($I$54-I58)/I58 -> 0.019816476
D59: TOTAL IMPAYES RACHID AU 10/07/2026 | I59: 1447961.4 | J59: =($I$54-I59)/I59 -> 0.041932575
C63: : Nouvel Impayé
D65: TOTAL IMPAYES RACHID
C66: 45827 | D66: 1493552.7
C67: 45842 | D67: 1513462.7
C68: 45848 | D68: 1407062.7
C69: 45856 | D69: 1420262.7
C70: 45863 | D70: 1401302.7
C71: 45880 | D71: 1254392.7
C72: 45891 | D72: 1304250.7
C73: 45919 | D73: 1350149.7
C74: 45925 | D74: 1365149.7
C75: 45933 | D75: 1340051.7
C76: 45940 | D76: 1280051.7
C77: 45947 | D77: 1330051.7
... C108: 46234 | D108: 1508678.1

Sheet OUSSAMA
D3: LISTE DES IMPAYES OUSSAMA AU 31/07/2026
B6: NOM CLIENT | C6: COM | D6: Dte Facture | E6: M | F6: Bqe | G6: N° | H6: Échéance | I6: Montant | J6: Commentaire
B7: LARIBAT CONSTRUCTION | C7: OUSSAMA | D7: 46137 | E7: C | F7: SAHAM BK | G7: 6755 | H7: 46201 | I7: 12474 | J7: MANQUE DEUXIEME SIGNATURE
D12: TOTAL IMPAYES OUSSAMA | I12: =+I7 -> 12474
D15: TOTAL IMPAYES OUSSAMA AU 24/07/2026 | I15: 12474 | J15: =($I$12-I15)/I15 -> 0
D16: TOTAL IMPAYES OUSSAMA AU 17 /07 /2026 | I16: 12474 | J16: =($I$12-I16)/I16 -> 0
D17: TOTAL IMPAYES OUSSAMA AU 10/07/2026 | I17: 35541.03 | J17: =($I$12-I17)/I17 -> -0.64902537
D21: TOTAL IMPAYES OUSSAMA
C23: 45827 | D23: 0
C24: 45842 | D24: 0
C25: 45848 | D25: 25000
C26: 45856 | D26: 25000
C27: 45863 | D27: 25000
C28: 45880 | D28: 22700
C29: 45891 | D29: 22700
C30: 45919 | D30: 0
C31: 45925 | D31: 0
C32: 45968 | D32: 0
C33: 45975 | D33: 87000
C34: 45982 | D34: 0
... C49: 46234 | D49: 12474
